id,cat
111447,History
123786,History
120249,History
102735,Literature
108684,Literature
117225,History
102177,Literature
102096,Literature
111843,Social Studies
102636,History
117486,History
113022,History
118008,History
109440,Biology
7956,Literature
7965,History
7974,Literature
7983,History
7992,Literature
8001,History
8010,Literature
8019,History
8028,Literature
8037,History
8046,Literature
8055,History
8064,Literature
8073,History
8082,History
8091,Literature
8100,Literature
8109,History
8118,Social Studies
8127,History
8136,Literature
8145,History
8154,Social Studies
101358,History
8199,Literature
8208,History
8217,Literature
8226,History
8235,History
8244,History
8253,History
8262,Literature
8271,Literature
8280,History
8289,History
8298,Literature
8307,History
8316,Literature
8325,History
8334,Literature
8343,Social Studies
8352,History
8361,Social Studies
8370,Literature
8379,History
8388,History
8397,History
8406,History
8415,History
8424,Literature
8433,Literature
8442,Literature
8451,Literature
8460,Literature
8469,Social Studies
8478,History
8487,Literature
8496,History
8505,History
8514,History
8523,Literature
8532,History
8541,Biology
8550,Literature
8559,History
8568,Literature
8577,Literature
8586,History
8595,History
8604,History
8613,History
8622,Social Studies
8631,Literature
8640,History
8649,Biology
8658,Literature
8667,Social Studies
8676,Social Studies
8685,Literature
8694,Literature
8703,History
8712,History
8721,Social Studies
8730,Literature
8739,Literature
8748,History
8757,History
8766,Literature
8775,History
8784,Literature
8793,History
8802,Literature
8811,History
8820,History
8829,History
8838,History
8847,Biology
8856,Literature
8865,History
8874,Literature
8883,History
8892,Literature
8901,Literature
123696,History
123822,History
115695,Literature
107514,Literature
109413,History
116010,Literature
116019,History
107838,History
116046,History
116109,History
116118,Literature
116136,Literature
116154,History
107964,Literature
114939,History
108180,Literature
108855,History
108954,History
123300,History
117243,Literature
109062,History
100872,History
100953,History
109206,Literature
101088,Literature
101142,Literature
117540,Social Studies
109386,History
117630,Literature
109467,Literature
109656,History
117981,Literature
117990,History
118035,History
118053,Literature
118062,History
118089,Literature
118098,Literature
115263,History
109953,Social Studies
118152,History
115272,Literature
123498,Literature
115308,Literature
102051,History
110259,History
110340,History
102150,History
110376,Literature
102195,History
123534,History
102483,History
118899,Literature
118971,Literature
110781,History
102609,Social Studies
110871,History
110907,History
119133,Literature
110943,History
110961,Literature
119160,History
119178,Literature
102798,History
111060,History
122904,History
119358,Literature
119376,Physics
103005,History
119430,Biology
111438,Literature
103257,History
119664,History
119673,History
103293,Literature
103311,History
110385,History
111951,History
103770,History
107433,Literature
103941,Literature
120546,History
104211,History
112590,Literature
112626,Literature
112662,History
112698,History
104508,History
121095,Literature
104733,History
112932,Social Studies
121140,History
121185,History
113013,Literature
121221,Literature
121284,Literature
121347,History
104967,Literature
114723,History
105255,History
105300,History
105318,Literature
105390,History
105417,Literature
121824,History
121869,History
113679,Biology
121887,History
121896,Fine Arts
113715,History
105579,Literature
122076,History
113976,Literature
117306,Literature
122436,Literature
122571,Literature
122634,History
106281,Literature
114579,Literature
114588,History
114597,Literature
8163,Social Studies
8172,History
8181,Literature
8190,History
122976,History
106632,History
123066,History
106722,Literature
115299,Literature
8910,History
8919,Literature
8928,History
107235,Literature
8937,Social Studies
8946,History
8955,Physics
8973,History
8982,Social Studies
8991,History
9000,History
9009,Social Studies
9018,Literature
9027,Literature
9036,Literature
9045,History
9054,History
9063,Social Studies
9072,Social Studies
9081,Social Studies
9090,History
9099,Literature
9108,History
9117,History
9126,History
9135,History
9144,History
9153,Literature
9162,History
9171,Literature
9180,Literature
9189,Physics
9198,Literature
9207,History
9216,History
9225,Literature
9234,Literature
9243,Literature
9252,Social Studies
9270,History
9279,Literature
9288,Literature
9297,History
9306,Literature
9315,History
9324,Literature
9333,Literature
9342,History
9351,History
9360,History
9369,Literature
9378,Literature
9396,History
9405,Literature
9414,Literature
9423,Literature
9432,Literature
9441,Literature
9450,Physics
9459,Literature
9468,Literature
9477,Literature
9486,Literature
9495,Literature
9504,History
9513,Literature
9522,Literature
9531,Literature
107847,History
116064,History
116127,History
116145,History
116172,Literature
116199,History
116235,Social Studies
116334,Literature
110880,Literature
116550,History
116649,Literature
108459,History
108801,Literature
117117,History
100836,History
109143,Literature
117522,History
101232,Social Studies
101349,History
109611,History
109629,Social Studies
117972,Literature
109836,History
118107,Literature
118134,Literature
109944,Biology
102015,History
118476,History
110286,History
110349,Literature
110466,Literature
110619,Literature
110646,History
102654,Literature
102744,Social Studies
102825,Literature
111348,History
8964,History
111177,Literature
119565,History
119700,Literature
119763,History
103491,Social Studies
111852,History
103806,History
120231,History
112050,History
120285,Literature
103914,Literature
112122,History
107460,Literature
120492,Literature
120582,Literature
107487,Literature
115704,History
107523,History
9261,Biology
112977,History
121230,Literature
113157,History
113211,History
121851,History
9387,Biology
114525,Literature
105687,Literature
113895,Literature
113913,History
114048,History
107757,History
107766,Literature
122526,History
106209,Literature
122697,History
122778,History
106659,History
123345,History
105894,Literature
109404,History
109422,History
113571,History
9540,History
9549,Literature
9558,Social Studies
9567,Social Studies
9576,History
9585,Social Studies
9594,Literature
9603,History
9612,Literature
9621,Social Studies
103833,History
9630,Social Studies
9639,History
9648,Literature
9657,History
9666,Literature
9675,Literature
9684,Literature
106092,History
102078,History
102141,History
122706,History
104778,Literature
9,Literature
18,Literature
27,Literature
36,Literature
45,History
54,Literature
63,Literature
72,History
81,History
90,Literature
99,History
108,History
117,History
126,History
135,Literature
144,Literature
153,History
162,History
171,History
180,History
189,Literature
198,History
207,Literature
216,History
225,Literature
234,Literature
243,History
252,Social Studies
261,Literature
270,History
279,Literature
288,Literature
297,Literature
306,Literature
315,History
324,History
333,History
342,History
351,History
360,History
369,History
378,History
387,History
396,Literature
405,Fine Arts
414,Literature
423,Literature
432,Literature
441,History
450,Literature
459,Literature
468,History
477,History
486,History
495,History
504,Literature
513,History
522,History
531,History
540,History
549,History
558,Literature
567,Fine Arts
576,Literature
585,History
594,Literature
603,History
612,Literature
621,Literature
630,History
639,History
648,Literature
657,Literature
666,History
675,History
684,History
693,Literature
702,History
711,History
720,History
729,History
738,Literature
747,Literature
756,Social Studies
765,Literature
774,History
783,Literature
792,Literature
801,Literature
810,Literature
819,History
828,History
837,History
846,Literature
855,Literature
864,History
873,Social Studies
882,History
891,History
900,History
909,Literature
918,Literature
927,Literature
936,History
945,Social Studies
954,History
963,History
972,History
981,Literature
990,History
999,Literature
1008,Literature
1017,Literature
1026,Literature
1035,History
1044,History
1053,History
1062,Literature
1071,Literature
1080,Literature
1089,Literature
1098,History
1107,History
1116,History
1125,History
1134,History
1143,Literature
1152,History
1161,History
1170,History
1179,History
1188,Literature
1197,History
1206,History
1215,History
1224,Literature
1233,Literature
1242,Literature
1251,Literature
1260,History
1269,Literature
1278,Literature
1287,Literature
1296,Literature
1305,Literature
1314,Literature
1323,History
1332,History
1341,Literature
1350,Literature
1359,History
1368,History
1377,History
1386,History
1395,Literature
1404,Literature
1413,History
1422,History
1431,History
1440,Literature
1449,Literature
1458,Literature
1467,Literature
198099,History
198198,Literature
196875,History
196884,Literature
198315,Literature
198333,Literature
198342,Literature
198369,Literature
198396,Literature
198423,Literature
198486,History
198504,Literature
198522,History
198531,History
198729,History
100692,History
100719,History
100728,History
100737,Literature
100746,Fine Arts
100764,History
100818,Literature
100863,Fine Arts
100926,Literature
197046,Literature
100935,History
100998,History
101061,Literature
101133,History
197199,Fine Arts
197217,History
101988,History
197244,History
102321,History
102375,Literature
102420,History
102438,Literature
102456,History
102510,Literature
102564,Literature
102690,History
102717,Literature
102969,Literature
103014,History
103032,History
103095,Literature
103140,Fine Arts
197415,History
103302,History
103347,History
103392,History
197478,History
103545,Literature
103554,Social Studies
103698,Social Studies
103725,Literature
103752,History
103779,Literature
197550,Literature
103959,Literature
197559,Literature
104148,Literature
197595,History
104247,Literature
104274,History
104292,Literature
104328,History
104427,History
104472,History
104517,History
104607,Literature
104616,Literature
104643,History
197667,History
104814,History
104850,History
197712,History
105021,Social Studies
105075,History
197739,History
197748,Literature
105183,Literature
105210,History
105264,History
105273,Literature
105381,Literature
105444,History
105480,History
105561,History
105633,History
105642,History
105651,Literature
105705,History
105768,History
197865,History
105876,History
105885,History
105939,History
105957,Literature
106083,Literature
106272,History
106407,History
106416,History
106425,History
106497,Literature
106542,Literature
106578,Literature
106587,History
106641,History
196686,History
106929,History
198063,History
107244,Literature
196704,History
107361,Literature
107424,Literature
107442,History
107496,Literature
107541,History
196713,Literature
107748,Literature
107775,Literature
107784,Literature
107793,Social Studies
107883,Literature
107991,History
108108,Literature
108117,Literature
108189,Literature
108414,History
108432,Literature
108657,History
108693,History
108729,Literature
108792,History
108999,History
109188,History
109251,Literature
109269,Literature
109314,Fine Arts
109359,Literature
109458,History
109512,Literature
109539,History
109548,History
109863,History
109872,History
109926,History
109989,Literature
196794,History
110052,History
110205,History
110277,Literature
110475,Literature
110538,History
110763,History
196821,History
110853,History
110889,Literature
110988,Literature
111150,Literature
111303,Literature
111321,History
111330,Literature
111762,History
111942,Literature
112005,Literature
112077,Literature
112383,Social Studies
112401,Literature
112464,Social Studies
112734,History
112851,History
112860,History
112923,History
112986,Fine Arts
113094,History
113121,History
113139,History
113166,History
113184,History
113220,Literature
113580,Literature
113607,History
113616,History
113643,Social Studies
113697,History
113769,History
114012,Literature
114084,Literature
114102,History
114129,Social Studies
114138,Literature
114147,History
114156,Literature
114165,History
114174,Literature
114183,Literature
114192,Literature
114201,Literature
114210,Literature
114219,History
114228,History
114237,Literature
114246,Literature
114255,Literature
114264,Literature
114273,History
114282,History
114291,Literature
114300,History
114309,Literature
114318,Literature
114327,Literature
114336,History
114345,Literature
114354,Literature
114363,Literature
114372,Literature
114381,Literature
114390,History
114399,History
114435,Literature
114444,Literature
114471,History
114624,Literature
114705,Literature
114741,History
114822,Fine Arts
114867,Literature
114903,History
114912,History
114966,History
115173,Literature
115200,History
115227,History
115290,Literature
115380,History
115416,Literature
115479,Literature
115560,History
115569,History
115587,History
115632,History
115785,Literature
115794,Literature
115803,Literature
115812,Literature
115821,Literature
115830,History
115839,Literature
115848,History
115857,History
115866,Literature
115875,History
115884,Literature
115893,History
115902,History
115911,History
115920,Literature
115929,History
115938,History
115947,Literature
115956,History
115965,Literature
115974,Social Studies
115983,Social Studies
116163,History
116190,Literature
116271,History
116451,Literature
116469,Literature
116667,Literature
117054,Literature
117126,History
117189,Literature
117234,Literature
117252,History
117261,History
117387,Literature
117450,Literature
117459,History
117531,Literature
117657,Literature
117666,Literature
118431,Literature
118530,Literature
118620,Literature
118692,History
118809,History
118890,Literature
118926,History
118944,History
118989,History
119124,Literature
119196,History
119205,Literature
119277,History
119448,Literature
119475,Literature
119493,Literature
119538,History
119619,Literature
119655,Literature
119718,Literature
119736,History
119790,Literature
119853,History
119880,Literature
119889,History
119898,History
119907,Literature
119916,History
119925,Literature
119934,History
119943,History
119952,Literature
119961,History
119970,History
119979,History
119988,Literature
119997,History
120006,History
120015,Literature
120024,Literature
120033,History
120042,Literature
120051,Literature
120060,History
120069,Literature
120078,History
120114,History
120177,Literature
120276,Literature
120393,History
120402,History
120429,History
120600,Literature
120636,Literature
120690,History
120762,History
120780,History
121167,Literature
121176,Literature
121194,Literature
121266,History
121590,Literature
121653,Fine Arts
121761,Literature
121788,History
121797,Literature
121941,Literature
122094,Literature
122175,Literature
122184,Literature
122445,Literature
122472,Literature
122490,History
122544,Literature
122589,Literature
122670,Literature
122724,Literature
122733,History
122805,Literature
122868,Fine Arts
122895,History
122931,History
122967,History
123039,Literature
123102,History
123129,History
123174,History
123408,Fine Arts
123435,History
123507,Literature
123552,History
123606,Literature
189144,Literature
189198,Literature
189297,Literature
189333,History
189342,History
189351,History
123831,History
123849,Social Studies
123858,History
189405,History
123912,Literature
189567,Literature
189720,History
189729,Literature
189774,Literature
189783,Fine Arts
189855,Literature
189873,History
189882,History
189909,History
189945,History
189972,Literature
190098,Literature
190107,History
190134,History
190224,History
190305,History
190323,Literature
190350,History
190386,Fine Arts
190440,Social Studies
190467,History
190476,Literature
190503,Social Studies
190530,History
190656,Literature
190701,Literature
190719,History
190854,History
191097,Literature
191142,Literature
191205,Literature
191340,History
191358,History
191385,History
191565,History
191619,History
191628,History
191646,Literature
191655,History
191682,Literature
191727,Fine Arts
191736,History
191781,Literature
191916,History
192204,Literature
192456,Literature
192492,History
192537,Literature
192582,History
192870,History
193221,History
193428,History
193455,History
193590,Literature
193824,Literature
193842,Literature
193914,History
194076,Literature
194112,History
194130,Literature
194148,History
194202,History
194247,Literature
194391,History
194490,Literature
194535,History
194544,Literature
194607,Literature
194625,History
194643,History
194697,Literature
194715,Literature
194724,Literature
194814,Literature
194823,Literature
194868,Literature
194895,History
194949,Literature
195039,History
195066,History
195138,Literature
195219,History
195408,History
195444,Literature
195462,History
195543,Literature
195642,Literature
195651,Literature
195813,Literature
195858,Literature
196209,History
196245,Literature
196263,Literature
196308,History
196317,History
196380,History
196398,History
196533,History
196560,Social Studies
196596,Literature
190539,History
198738,History
190566,Literature
190602,History
196857,History
192807,History
197010,Literature
197055,Literature
197100,History
197181,Literature
193122,Literature
197271,History
192294,History
195309,History
197487,History
193437,Social Studies
193473,Social Studies
197604,Literature
197640,Social Studies
189495,Literature
197703,History
193653,Literature
197802,History
189621,Literature
193770,Literature
191745,History
189792,History
198018,Literature
198036,Literature
198045,History
194049,History
194121,History
196200,History
190071,History
194292,Literature
196362,History
198450,History
198468,Literature
190278,History
196443,History
196488,Literature
192411,Literature
191079,History
196731,Literature
196740,History
196758,History
189864,Literature
196839,Literature
196650,Literature
196065,History
193140,Literature
197028,History
192186,History
193149,Literature
197235,History
197388,History
193158,Literature
197469,History
189900,History
197496,History
197505,History
197568,History
197622,Literature
197631,History
197676,History
196803,History
193356,History
198009,History
1476,Literature
1485,History
1494,Fine Arts
1503,History
1512,History
1521,History
1530,History
1539,Literature
1548,Literature
1557,Literature
1566,Literature
1575,History
1584,History
1593,Literature
1602,History
1611,Literature
1620,History
1629,History
1638,History
1647,History
1656,History
1665,Literature
1674,History
1683,History
1692,History
1701,History
1710,History
1719,History
1728,History
1737,Literature
1746,Literature
1755,History
1764,History
1773,History
1782,History
1791,Social Studies
1800,History
1809,History
1818,History
1827,History
1836,Literature
1845,History
1854,History
1863,Literature
1872,History
1881,Literature
1890,History
1899,Literature
1908,History
1917,History
1926,Literature
1935,History
1944,Literature
1953,History
1962,History
1971,History
1980,Literature
1989,Literature
1998,Literature
2007,Literature
2016,History
2025,Literature
2034,History
2043,History
2052,Literature
2061,History
2070,History
2079,History
2088,History
2097,History
2106,History
2115,Literature
2124,History
2133,Literature
2142,History
2151,History
2160,Literature
2169,History
2178,Literature
2187,History
2196,History
2205,Literature
2214,History
2223,Social Studies
2232,History
2241,Social Studies
2250,History
2259,Literature
2268,Literature
2277,Social Studies
2286,History
2295,Literature
2304,Literature
2313,Literature
2322,History
2331,History
2340,History
2349,History
2358,History
2367,History
2376,History
2385,Social Studies
2394,Literature
2403,Literature
2412,History
2421,Social Studies
2430,History
2439,History
2448,Literature
2457,History
2466,History
2475,History
2484,History
2493,History
2502,History
2511,History
2520,History
2529,History
2538,History
2547,History
2556,History
2565,History
2574,History
2583,History
2592,History
2601,History
2610,Literature
2619,History
2628,Literature
2637,Literature
2646,History
2655,Literature
2664,Literature
2673,History
2682,History
2691,History
2700,Literature
2709,Social Studies
2718,History
2727,History
2736,Literature
2745,History
2763,Literature
2772,Literature
2781,History
2790,History
2808,Literature
2817,History
2826,Literature
2835,Literature
2844,History
101151,History
2853,Literature
2862,Literature
2871,History
2880,Literature
101187,Social Studies
2889,History
101196,Literature
2898,History
101205,History
2916,Literature
101223,Literature
2925,History
2934,History
101241,Literature
2943,Social Studies
101250,History
2952,History
2970,History
2979,History
2988,History
2997,History
3006,Literature
3015,History
3024,History
3033,History
3042,History
3051,Literature
3060,Literature
3069,History
3078,Literature
3087,History
3096,History
3105,Literature
3114,Social Studies
3123,Literature
3132,History
3141,History
3150,History
3159,History
3168,History
3177,History
3186,Literature
3195,History
3204,Literature
3213,History
3222,Literature
3231,History
3240,Literature
3249,Literature
3258,History
3267,History
3276,Literature
3285,Literature
3294,Fine Arts
3303,History
3312,Literature
3321,History
3330,History
3339,History
3348,Literature
3357,History
3366,History
3375,History
3384,History
3393,History
3402,History
3411,History
3420,Literature
3429,History
3438,History
3447,History
3456,History
3465,Social Studies
3474,Literature
3483,History
3492,History
3501,History
3510,History
3519,Literature
3528,Literature
3537,Literature
3546,Literature
3555,History
3564,History
3573,Literature
3582,Literature
3591,Social Studies
3600,History
3609,History
3618,Literature
3627,History
3636,History
3645,History
3654,Literature
3663,Social Studies
3672,History
3681,History
3690,History
3699,Literature
3708,History
3717,History
3726,Literature
3735,History
3744,History
3753,History
3762,History
3771,History
3780,Literature
3789,History
3798,History
3807,Literature
3816,History
3825,Literature
3834,History
3843,History
3852,Literature
3861,History
3870,History
3879,History
3888,History
3897,History
3906,Literature
3915,Literature
3924,History
3933,History
3942,History
3951,History
3960,History
3969,History
3978,Literature
3987,History
3996,Social Studies
4005,History
4014,History
4023,Social Studies
4032,History
4041,History
4050,Literature
4059,History
4068,Literature
4077,Fine Arts
4086,Literature
4095,History
4104,History
4113,History
4122,History
102429,Literature
4131,History
4140,Literature
4149,History
4185,History
4203,History
4212,History
4221,History
4239,History
4257,Literature
4266,Literature
4275,Literature
102582,Literature
4284,History
4293,Literature
4302,History
4311,Literature
4320,History
4338,Literature
4347,Literature
4356,Literature
4365,Literature
4374,History
4383,History
4392,History
4401,History
4410,History
4419,History
4428,History
102762,History
102807,History
102861,Literature
102888,Literature
193284,History
102987,Literature
102996,History
103023,History
103077,Literature
103104,History
103167,Literature
103194,History
103239,History
103248,History
103266,History
103275,Literature
103284,History
103338,History
103356,Literature
191853,History
103383,History
103410,Literature
103419,Social Studies
103437,Social Studies
103455,Social Studies
103464,Social Studies
103536,Social Studies
103689,History
103707,History
103734,History
192132,History
196002,Literature
103788,Literature
103797,History
192222,History
103824,Literature
103842,Literature
103860,Literature
103878,Fine Arts
195498,Literature
103896,Literature
103905,History
103986,Literature
104004,History
104013,Literature
104022,Literature
104031,Literature
104040,History
104058,Literature
104067,Literature
104076,Literature
104085,History
104094,History
104103,Literature
104112,Literature
104121,Literature
104130,History
104166,History
104184,History
104220,Literature
104229,Literature
104283,History
104301,Literature
104310,History
104418,History
104499,Literature
104526,History
193338,Literature
104634,Literature
104652,History
104670,History
104706,History
190989,Literature
191862,Literature
104751,Literature
104787,History
196227,Literature
104841,Literature
104859,History
104895,Literature
104958,History
105030,History
105102,History
105192,Literature
105291,Literature
105309,Social Studies
105462,History
105489,Literature
193374,History
194310,History
105678,History
105696,History
105741,History
197325,History
105840,History
105867,History
193095,Literature
105903,Literature
105912,History
105930,History
105966,Literature
105975,History
106011,Literature
106029,Social Studies
106110,Literature
106137,History
106182,History
106200,Literature
106236,Literature
106308,History
106371,History
106389,History
106398,History
106434,History
106596,History
106614,Literature
106758,History
192312,Literature
106794,History
106812,History
106857,History
106875,History
192627,Literature
198207,Literature
193419,Literature
107271,History
107280,History
196029,History
198108,Literature
107307,Literature
198378,History
107370,History
107397,History
194967,History
107478,Literature
107505,History
198144,Literature
107550,Literature
107568,Literature
107577,History
107586,History
107622,Social Studies
107631,History
107640,Literature
107676,Literature
107739,Literature
107856,History
107874,History
107892,Social Studies
107919,History
107973,Literature
108018,Literature
194931,Literature
108054,Literature
198234,Literature
108072,History
108090,Social Studies
108135,History
108144,History
108171,Literature
198270,Literature
108423,History
108567,History
108576,Social Studies
108585,History
108603,Literature
108612,Literature
194805,Literature
108702,History
108720,History
108774,Literature
108810,History
108846,History
108882,History
108891,Literature
108909,History
108981,Literature
109053,History
109071,Literature
109080,History
109089,Literature
109134,History
109161,Biology
109323,Social Studies
109332,Social Studies
109368,History
109377,Literature
109449,Literature
109530,History
109593,Literature
109647,Literature
109665,History
109674,History
109683,Literature
109692,History
109701,Social Studies
109710,History
109719,History
109728,History
109737,History
109746,History
109755,History
109764,History
109773,Literature
109782,History
109791,History
109800,History
109809,Literature
109827,Literature
196011,History
109899,History
189153,History
109962,Literature
110025,Literature
110097,Literature
110115,History
193131,Literature
110214,Literature
110232,History
110313,Literature
110322,History
110367,Literature
193167,History
110430,Literature
193176,Social Studies
110484,Literature
110493,Literature
193185,Literature
110583,History
110601,Social Studies
110664,History
110700,Literature
110790,Literature
110799,Social Studies
110808,History
193212,Literature
111051,History
111087,History
111141,History
111186,Literature
190287,Literature
111249,Social Studies
111285,Literature
111339,Literature
111366,Literature
111375,History
193329,Literature
111402,History
111456,History
193347,History
193365,Literature
111672,Social Studies
111681,History
111690,Literature
111699,Literature
111717,History
111726,History
111735,Literature
111744,Literature
111753,History
111771,Literature
111780,Social Studies
111789,History
111798,History
111807,History
111816,History
111825,History
111834,Literature
111861,Literature
196056,History
111897,History
111978,History
112086,History
195201,History
189225,Literature
112113,History
112131,Literature
197955,History
197811,Literature
193311,Literature
112392,Literature
112428,History
191907,History
112446,History
112509,Social Studies
100683,History
112581,Literature
112608,History
112635,History
112653,Social Studies
112770,History
112779,History
112833,Literature
112905,History
189252,History
112941,History
113004,Literature
100755,Literature
100782,Literature
100809,History
100827,History
113445,Literature
113625,Social Studies
113760,Literature
113787,History
113796,Literature
100890,History
113832,History
113868,Literature
113877,Literature
113922,Literature
113931,History
113949,Literature
114021,History
114030,History
191475,History
193671,Literature
100989,History
114453,Literature
114507,Literature
114516,History
114633,Literature
114669,History
114678,Literature
101034,Literature
114687,History
114732,Social Studies
114759,Literature
2754,History
193239,History
114894,Social Studies
114921,Social Studies
114957,History
114993,History
115002,History
196020,History
2799,History
115155,Literature
115164,Literature
115182,History
115317,History
115353,History
115362,History
115461,Literature
115506,History
115515,History
115533,Literature
115542,Literature
115596,History
115605,History
115686,Literature
115713,Literature
115722,Social Studies
2907,History
115758,History
194058,Literature
195894,History
2961,History
198477,Literature
101286,Literature
193248,Literature
116289,Literature
116478,Literature
116496,Literature
116523,Literature
191538,History
116568,History
116613,History
196470,History
116658,History
116676,Literature
101430,History
117072,History
117081,History
117090,History
117108,History
117153,Literature
117162,History
117216,History
193761,History
194328,History
117396,History
194337,Literature
117504,History
117639,History
117684,History
117720,History
118197,Literature
118206,History
195975,Literature
118215,History
118242,Literature
118251,History
118260,History
118287,History
118296,History
118305,Literature
118332,History
118395,History
118449,History
118485,Literature
189801,History
118593,Social Studies
118629,History
118638,History
118647,History
118665,History
118701,Literature
118737,History
118818,History
118845,History
118854,Fine Arts
193266,Literature
118953,Literature
197091,History
189135,History
119043,History
119061,Literature
119088,History
119106,History
119223,History
119232,History
119241,Literature
119349,History
119385,Social Studies
119412,History
119457,History
119511,Literature
119547,History
119592,Literature
101853,Literature
119628,History
119727,History
119808,Literature
119835,Literature
101898,History
190575,Literature
101916,History
101934,Literature
120096,Literature
196038,Literature
120105,History
101943,Literature
120141,Literature
120186,History
101952,Social Studies
120195,Literature
120267,Literature
193275,History
196047,History
190593,Fine Arts
120447,History
120456,History
101997,History
120474,History
120510,Literature
102006,History
120537,History
120564,Literature
120645,Literature
120654,Literature
120663,Literature
120726,Social Studies
102042,History
198693,Literature
189279,Literature
102087,Literature
121050,History
121077,Literature
102105,History
121149,History
191709,Social Studies
121320,History
121338,History
121572,History
121635,Literature
121671,History
121806,History
121833,History
121968,History
102249,History
195093,Literature
195237,Literature
121995,History
122022,History
102258,Literature
195102,History
122067,History
122085,History
195111,History
122103,History
102276,Literature
122157,Social Studies
193230,Literature
122229,History
122238,History
122247,Literature
122256,Literature
122265,History
122274,Literature
122283,Literature
122292,History
122301,History
122310,Literature
122319,History
122328,History
122337,History
122346,History
102312,Fine Arts
122355,History
122364,History
122373,Literature
122382,Literature
122391,Literature
122400,History
122409,History
122418,History
122427,Literature
122454,History
122463,History
122535,History
122562,History
102348,History
122580,Literature
122652,History
122661,History
122679,History
122769,History
122877,Literature
122913,History
122940,Literature
122949,History
123021,History
123075,Literature
123120,History
123138,Literature
123228,History
123237,History
123246,History
4158,Fine Arts
123264,Literature
4167,History
123327,History
123336,Literature
4176,Social Studies
123372,Literature
123381,History
195327,Literature
193293,History
4194,History
123516,Literature
123525,History
123615,Literature
123624,History
123678,Literature
4230,History
123687,Literature
123705,Literature
189306,Literature
4248,History
189360,History
192987,Social Studies
123867,History
123876,History
189477,Literature
189522,Social Studies
189531,Literature
189540,Literature
196218,History
189594,Social Studies
189603,Literature
189981,Literature
189630,Literature
189648,Literature
189666,History
4329,History
102663,History
102672,History
190431,History
197289,Literature
190125,History
190521,History
190548,History
190710,Literature
190737,History
190809,History
190845,History
190863,History
193257,History
198414,History
192114,History
191673,Social Studies
189693,Social Studies
191934,History
192015,History
192033,History
192051,Literature
197343,History
192420,History
195921,History
193320,History
195948,Physics
192681,History
195966,History
192789,Literature
195984,Literature
192438,History
192888,Literature
195993,Literature
192924,History
197946,History
192978,Literature
192996,Literature
193005,Literature
193014,History
193023,Literature
193041,History
194103,History
193068,History
193077,Literature
193086,History
193104,History
193383,History
193401,History
193410,History
196083,History
193464,History
193527,History
193572,Literature
189756,Literature
193032,History
193833,Literature
189837,Literature
198495,History
196164,Literature
197406,History
193959,History
194004,History
194013,Literature
194418,History
193059,Literature
197424,Literature
194517,History
194571,Literature
195012,Literature
195030,History
195048,Social Studies
190890,History
195957,History
195336,History
195426,Literature
197928,Literature
195597,Literature
195624,Literature
193302,History
191007,Literature
195840,History
195903,Biology
195912,Literature
195930,Literature
195939,Biology
193113,History
196371,Biology
196416,History
196452,History
196587,Literature
193050,History
4437,History
4446,Literature
4455,Literature
4464,History
4473,History
4482,History
4491,History
4500,History
4509,Literature
4518,History
4527,Literature
4536,Literature
4545,Literature
4554,Literature
4563,History
4572,Literature
4581,History
4590,History
4599,Literature
4608,Social Studies
4617,Literature
4626,History
4635,History
4644,Literature
4653,Literature
4662,Literature
4671,History
4680,Literature
4689,Literature
4698,Literature
4707,Literature
4716,Literature
4725,Literature
4734,History
4743,History
4752,History
4761,Literature
4770,History
4779,Literature
4788,Literature
4797,History
4806,Literature
4815,Literature
4824,History
4833,Literature
4842,History
4851,Literature
4860,History
4869,History
4878,Literature
4887,History
4896,History
4914,Literature
4923,Literature
4932,Literature
4941,History
4950,Literature
4959,History
4968,History
4977,Social Studies
4986,Literature
4995,Literature
5004,History
5013,Literature
5022,History
5040,Literature
5049,Literature
5058,Literature
5067,History
5076,History
5085,Literature
5094,Literature
5112,History
5130,Social Studies
5157,Literature
5175,History
5184,History
5193,History
5202,Literature
5211,Literature
5220,Literature
5229,Literature
5238,Literature
5247,History
5256,History
5265,Literature
5274,History
5283,Literature
5292,History
5301,History
5310,History
5319,History
5328,Literature
5337,Literature
5346,Literature
5355,History
5364,Literature
5373,Social Studies
5382,History
5391,History
5400,History
5409,History
5418,History
5427,History
5436,History
5445,History
5454,Social Studies
5463,Social Studies
5472,History
5481,History
5490,Literature
5499,Literature
5508,History
5517,History
5526,History
5535,Literature
5544,History
5553,History
5562,History
5571,History
5580,History
5589,Literature
5598,History
5607,Literature
5616,Literature
5625,History
5634,Literature
5643,Literature
5652,Literature
5661,Literature
5670,Literature
5679,Literature
5688,History
5697,Social Studies
5706,Literature
5715,History
5724,History
5733,History
5742,Literature
5751,History
5760,History
5769,History
5778,Literature
5787,History
5796,Literature
5805,Literature
5814,Literature
5823,History
5832,History
5841,History
5850,Literature
5859,History
5868,Literature
5877,Literature
5886,History
5895,Social Studies
5904,Literature
5913,History
5922,History
5931,Literature
5940,Literature
5949,Literature
5958,Literature
5967,History
5976,History
5985,Literature
5994,Literature
6003,Literature
6012,Literature
6021,History
6057,History
6075,Literature
6093,Literature
6102,History
6120,History
6129,Literature
6138,Literature
6147,History
6156,History
6174,Literature
6183,History
6210,History
6219,Literature
6228,Literature
6246,History
6255,Social Studies
6264,History
6273,Literature
6282,History
6291,Literature
6300,Literature
6309,History
6318,History
6327,Literature
6336,Literature
6345,History
6354,Literature
6363,Literature
6372,Literature
6381,Literature
6390,History
6399,History
6408,History
6417,Literature
6426,History
6435,Literature
6444,Social Studies
6453,Literature
6462,History
6471,Literature
6480,History
6489,History
6498,History
6507,Literature
6516,Literature
6525,History
6534,Literature
6543,Literature
6552,Literature
6561,Literature
6570,History
6579,History
6588,Literature
6597,History
6606,History
6615,Literature
6624,Literature
6633,Literature
6642,Literature
6651,Literature
6660,Literature
6669,History
6678,History
6687,History
6696,Literature
6705,History
6714,Literature
6723,History
6732,Literature
6741,Literature
6750,History
6759,Literature
6768,History
6777,History
6786,Literature
6795,History
6804,History
6813,Literature
6822,History
6831,Literature
6840,Literature
6849,Literature
6858,History
6867,Social Studies
6876,Literature
6885,History
6894,History
6903,History
6912,History
6921,Literature
6930,History
6939,History
6948,Literature
6957,Literature
6966,Literature
6975,Literature
6984,Literature
6993,Literature
7002,Literature
7011,History
7020,Literature
7029,Literature
7038,Literature
7047,Literature
7056,Literature
7065,Literature
7074,Literature
7083,Literature
7092,History
7101,History
7110,History
7119,History
7128,History
7137,Literature
7146,Literature
7155,Literature
7164,History
7173,Literature
7182,Literature
7191,Literature
7200,Literature
7209,Literature
7218,Literature
7227,History
7236,History
7245,Literature
7254,History
7263,Literature
7272,Literature
7281,Literature
7299,Literature
7308,Literature
7317,Literature
7326,Literature
7335,Social Studies
7344,Literature
4905,History
5031,Literature
5103,History
5121,History
5139,Literature
5148,Literature
5166,History
6030,Literature
6039,Literature
6048,History
6066,Literature
6084,History
6111,Literature
6165,History
6192,Literature
6201,History
6237,Literature
7290,Literature
189162,Literature
189189,Literature
189216,Literature
189261,Literature
189423,Literature
189441,Literature
189450,Social Studies
189549,Literature
189558,History
189711,Literature
189765,History
189819,History
189846,Literature
189891,Literature
189918,History
189936,Literature
189954,History
189963,History
190008,Literature
190044,Literature
190053,History
190116,History
190170,Literature
190179,Literature
190188,History
190242,History
190251,History
190260,Literature
190368,History
190458,History
190494,Literature
190512,Literature
190584,Literature
190638,History
190674,Literature
190692,Literature
190728,Literature
190773,History
190818,Literature
190872,History
190881,History
190908,History
190935,Literature
190953,History
190971,History
191133,History
191160,History
191187,History
191196,Literature
191268,Literature
191277,Literature
191286,History
191304,Literature
191367,Fine Arts
191376,History
191403,Literature
191421,History
191430,Literature
191439,History
191448,Literature
191457,Literature
191466,Literature
191484,Literature
191493,History
191547,History
191556,Literature
191664,Literature
191691,Literature
191763,Literature
191817,History
191835,History
191844,Literature
191898,Literature
192006,History
192024,History
192060,Literature
192078,History
192123,History
192150,Literature
192168,Literature
192213,History
192240,Literature
192276,History
192330,Literature
192348,Literature
192366,History
192393,Literature
192429,Literature
192447,History
192465,History
192483,History
192501,History
192519,Literature
192555,History
192564,Literature
192600,Literature
192609,Literature
192636,History
192690,Literature
192717,Literature
192735,Literature
192771,History
192780,Literature
192798,Literature
192816,Literature
192825,Literature
192843,Literature
192852,Literature
192861,Literature
192906,History
192915,History
193194,Literature
193203,History
193518,Literature
193545,Literature
193554,Literature
193617,Literature
193644,Literature
193725,Literature
193779,Literature
193860,Literature
193977,Literature
194040,Literature
194139,Literature
194166,Literature
194184,History
194211,History
194229,Literature
194283,Literature
194301,Literature
194355,Literature
194373,Literature
194382,Literature
194400,Literature
194409,History
194436,Literature
194481,History
194508,Literature
194562,Literature
194589,Literature
194652,History
194661,Literature
194670,History
194760,History
194778,Literature
194787,Social Studies
194850,Literature
194859,Literature
194904,Literature
194913,Literature
194994,Literature
195057,History
195075,Literature
195129,Literature
195264,Literature
195282,Literature
195291,Literature
195318,Literature
195354,Literature
195363,Literature
195390,Literature
195480,Literature
195552,Literature
195588,Literature
195669,Literature
195741,Literature
195759,Literature
195777,Literature
195822,Literature
196074,Literature
196092,Social Studies
196101,Literature
196173,Literature
196182,Literature
196290,Literature
196353,Literature
196389,Literature
196407,History
196425,History
196506,Literature
196542,History
196578,Literature
196605,Literature
196614,Literature
196623,Literature
196659,Literature
196722,Literature
196776,History
196830,Literature
196929,History
196947,Literature
196983,History
196992,Literature
197073,Literature
197109,History
197154,Literature
197163,History
197226,History
197253,Literature
197361,Literature
197379,Literature
197433,Literature
197514,History
197523,Literature
197532,History
197541,Literature
197649,Literature
197694,Literature
197721,History
197820,History
198000,History
198126,History
198153,Literature
198216,Literature
198252,Literature
198261,Literature
198297,History
198441,History
198459,Literature
198540,Literature
198585,Literature
198594,Literature
198603,History
198612,Literature
198621,History
198675,History
198711,Literature
198720,Literature
100710,History
100773,Literature
100791,History
100908,History
100980,History
101007,Literature
101052,History
101079,History
101097,Literature
101106,History
101124,Literature
101169,Literature
101295,Literature
101313,History
101322,Literature
101331,Literature
101340,History
101376,Literature
101385,Literature
101439,Literature
101448,Literature
101457,History
101466,Literature
101475,Social Studies
101484,History
101493,History
101502,Literature
101511,History
101520,Literature
101529,Literature
101538,History
101547,History
101556,Literature
101565,Literature
101574,Literature
101583,Literature
101592,Literature
101601,History
101610,History
101619,History
101628,Social Studies
101637,Literature
101646,Literature
101655,History
101664,Literature
101673,Literature
101682,Literature
101907,History
101961,Social Studies
102069,History
102159,Literature
102213,Literature
102231,Social Studies
102240,Literature
102330,Literature
102339,Literature
102366,Literature
102411,History
102465,Literature
102474,History
102528,Literature
102555,Literature
102573,History
102591,Literature
102618,Literature
102627,Literature
102852,Literature
102879,Literature
102897,Literature
102942,Social Studies
102951,Literature
102960,Literature
103086,Literature
103113,Literature
103203,History
103221,Literature
103230,History
103329,History
103365,Literature
103374,Literature
103446,Literature
103473,Social Studies
103518,Social Studies
103527,Social Studies
103563,Social Studies
103590,Social Studies
103599,Social Studies
103653,Social Studies
103671,Literature
103968,Literature
104175,Literature
104202,Literature
104256,History
104337,Literature
104346,Literature
104355,History
104364,History
104373,Literature
104391,Literature
104400,Literature
104463,Literature
104490,History
104535,Literature
104562,History
104580,Literature
104589,Literature
104598,History
104697,Literature
104715,Literature
104868,Literature
104922,History
104931,Literature
104994,History
105048,History
105066,Literature
105129,History
105156,Social Studies
105201,Literature
105219,History
105237,History
105246,History
105327,History
105336,History
105435,History
105471,History
105498,History
105507,Literature
105588,Literature
105615,History
105660,History
105669,History
105732,History
105786,Social Studies
105804,Literature
105813,Literature
105822,Literature
105831,Literature
105993,Literature
106038,Literature
106056,Literature
106101,Literature
106191,History
106254,Literature
106263,History
106299,Literature
106362,Literature
106452,History
106461,Literature
106479,History
106506,Literature
106623,Literature
106686,History
106713,Literature
106731,History
106767,Literature
106803,Social Studies
106821,Literature
106830,Literature
106839,Literature
106866,Literature
106893,Literature
106902,History
106911,Literature
106920,Literature
106947,Literature
106956,Literature
106965,Literature
106974,Literature
106983,History
106992,Literature
107001,History
107010,History
107019,Social Studies
107028,Literature
107037,History
107046,Literature
107055,Literature
107064,History
107073,Social Studies
107082,History
107091,Literature
107100,Literature
107109,Literature
107118,History
107127,History
107136,Social Studies
107145,History
107154,Literature
107163,History
107172,Literature
107181,Literature
107190,Literature
107199,Social Studies
107208,Literature
107217,Literature
107226,Literature
107253,History
107334,History
107406,Literature
107415,Literature
107469,Literature
107532,History
107595,History
107604,Literature
107649,Literature
107721,History
107730,Literature
107802,History
107820,History
107910,Literature
107982,Literature
108027,Literature
108045,History
108081,Literature
108099,History
108126,History
108198,Literature
108207,Literature
108216,History
108225,Literature
108234,History
108243,Social Studies
108252,History
108261,Literature
108270,Literature
108279,Social Studies
108288,History
108297,History
108306,Literature
108315,History
108324,Literature
108333,Literature
108342,History
108351,History
108360,History
108369,History
108378,Literature
108387,Literature
108396,History
108405,Literature
108450,History
108486,Literature
108504,Literature
108531,Literature
108549,History
108558,Literature
108765,Biology
108783,Literature
108828,Literature
108837,History
108873,Literature
108927,Literature
108945,Literature
108972,Literature
108990,Literature
109008,Literature
109026,Literature
109035,Literature
109044,Literature
109107,History
109116,History
109170,Literature
109179,Literature
109197,Literature
109260,History
109278,History
109503,Literature
109557,Literature
109566,History
109575,Literature
109584,History
109620,History
109845,Literature
110043,History
110070,Literature
110088,Literature
110124,Literature
110160,Literature
110187,History
110196,History
110223,Literature
110241,Literature
110250,Fine Arts
110268,History
110394,Literature
110457,History
110502,History
110547,History
110556,Literature
110565,Literature
110574,History
110610,Literature
110637,Literature
110655,Literature
110682,Literature
110709,Literature
110718,Literature
110727,Literature
110736,Fine Arts
110835,History
110862,Literature
110898,Literature
110925,Literature
110934,Literature
110952,History
110979,Literature
111069,Literature
111078,Literature
111096,Literature
111105,Literature
111123,Literature
111132,Literature
111159,Literature
111168,Literature
111213,Literature
111294,History
111312,Literature
111384,Literature
111393,Literature
111411,Literature
111429,Literature
111906,Literature
111933,Literature
111996,Literature
112068,Literature
112419,History
112455,History
112491,History
112527,Literature
112572,History
112599,History
112707,History
112716,Literature
112752,Literature
112761,Literature
112788,Literature
112806,Literature
112824,Literature
112842,Literature
112878,Literature
112896,Literature
112914,Literature
112950,History
113031,Literature
113049,History
113085,Literature
113202,History
113229,Literature
113238,Literature
113247,Social Studies
113256,History
113265,Literature
113274,History
113283,Literature
113292,History
113301,Social Studies
113310,History
113319,History
113328,Social Studies
113337,History
113346,Literature
113355,Literature
113364,Literature
113373,Literature
113382,Literature
113391,History
113400,Literature
113409,History
113418,History
113427,History
113436,Literature
113454,Literature
113463,Social Studies
113472,Social Studies
113481,Literature
113490,Social Studies
113517,Literature
113526,Literature
113634,Social Studies
113670,History
113706,Literature
113724,History
113733,Literature
113751,Literature
113805,Literature
113814,History
113886,Literature
113904,Literature
113967,History
114093,Social Studies
114417,Literature
114462,Literature
114498,History
114552,History
114606,Literature
114642,Literature
114651,Literature
114696,Literature
114795,Literature
114813,Literature
114831,Literature
114840,Literature
114858,Literature
114876,Literature
114885,Literature
115191,Literature
115209,Literature
115236,History
115335,Literature
115344,Literature
115371,Literature
115389,Literature
115398,Literature
115443,History
115470,Literature
115488,Literature
115497,Literature
115524,Literature
115551,History
115623,Literature
115650,Literature
116226,Literature
116253,Literature
116316,History
116343,Literature
116352,History
116370,Literature
116379,History
116388,History
116406,Literature
116415,Literature
116460,Literature
116514,Literature
116532,Literature
116577,Literature
116685,Literature
116694,History
116703,Literature
116721,History
116730,History
116739,Literature
116748,Literature
116757,History
116766,Other
116775,Literature
116784,Literature
116793,Literature
116802,Literature
116811,Literature
116820,Literature
116829,Literature
116838,History
116847,Literature
116856,Literature
116865,Literature
116874,Literature
116883,Other
116892,Literature
116901,Literature
116910,Fine Arts
116919,Literature
116928,Literature
116937,History
116946,Literature
116955,History
116964,Literature
116973,Literature
116982,Literature
116991,Literature
117000,Literature
117009,History
117018,Literature
117027,Literature
117036,Literature
117045,Literature
117099,History
117135,Literature
117144,History
117207,History
117270,Literature
117279,History
117288,History
117324,Literature
117333,Literature
117369,Literature
117423,History
117432,Literature
117468,Literature
117495,History
117558,History
117594,History
117603,Literature
117675,Literature
117702,History
118170,History
118314,Literature
118341,History
118404,History
118467,Literature
118512,Literature
118539,Literature
118548,Physics
118557,Literature
118566,Literature
118611,Literature
118656,Literature
118683,History
118710,Literature
118728,Literature
118746,Literature
118782,Social Studies
118791,Literature
118827,Literature
118863,History
118998,Literature
119007,Literature
119034,Literature
119052,History
119079,Literature
119115,Literature
119268,Literature
119313,Literature
119322,History
119367,History
119403,History
119439,History
119466,Literature
119502,Literature
119520,History
119529,Literature
119556,Literature
119574,History
119601,History
119610,History
119637,Literature
119646,Literature
119772,History
119781,History
119799,Literature
119826,Literature
120087,Literature
120123,Literature
120132,History
120150,History
120159,Fine Arts
120168,Literature
120204,History
120213,Literature
120222,Literature
120240,Literature
120258,History
120294,Literature
120312,History
120339,History
120357,Literature
120384,History
120411,Literature
120420,History
120438,Literature
120501,Literature
120519,History
120573,Literature
120627,Literature
120672,Literature
120681,Literature
120771,History
120789,History
120798,History
120807,History
120816,History
120825,History
120834,History
120843,Literature
120852,Literature
120861,Literature
120870,History
120879,Literature
120888,History
120897,History
120906,History
120915,Literature
121203,Literature
121212,History
121248,Literature
121257,Literature
121275,Literature
121293,Literature
121302,Literature
121311,Literature
121329,Literature
121365,Literature
121374,Literature
121383,History
121392,Literature
121401,Literature
121410,Literature
121419,Literature
121428,Literature
121437,Social Studies
121446,History
121455,Literature
121464,Literature
121473,History
121482,Literature
121491,Literature
121500,Literature
121509,Literature
121518,History
121527,Literature
121536,History
121545,History
121554,History
121563,Literature
121617,History
121626,Literature
121662,Literature
121680,Literature
121689,Literature
121707,Literature
121770,Literature
121842,History
121860,Literature
121959,Literature
121977,Literature
122013,Literature
122040,History
122049,Literature
122121,History
122130,Literature
122193,History
122202,Literature
122598,Literature
122616,Literature
122625,History
122643,History
122715,Literature
122742,Literature
122796,History
122832,Literature
122859,Literature
122886,Literature
122922,Literature
122958,Social Studies
122985,Literature
123084,Literature
123093,Literature
123147,Literature
123165,History
123201,History
123219,History
123255,Literature
123291,Literature
123318,Literature
123354,Literature
123363,Literature
123426,Literature
123462,Literature
123471,History
123489,Literature
123588,Social Studies
123714,History
123732,Literature
123741,History
123759,Literature
123795,Literature
123804,Literature
123885,History
106560,Social Studies
114777,History
106605,Literature
114849,History
123111,History
123750,Literature
115578,History
115614,History
115677,Literature
115749,Physics
117612,Literature
102600,History
116001,History
107865,History
116082,Literature
9693,History
108000,History
9702,Literature
9711,History
9720,Literature
9729,Literature
9738,History
9747,History
9756,Literature
116262,Literature
9774,History
9783,History
9792,History
9801,Literature
9810,History
9819,History
9828,Literature
116325,History
9837,Literature
9846,History
9864,Literature
9873,Literature
9882,Literature
9891,History
9900,Literature
116397,History
9909,History
9918,Literature
9927,Literature
9936,History
9945,Literature
9954,History
9963,Fine Arts
9972,Literature
9855,Literature
9981,History
9990,History
116487,Literature
9999,History
10008,History
10017,Social Studies
10026,Literature
10035,History
10044,History
10053,Literature
10062,History
10071,Biology
10080,Literature
10089,Fine Arts
116712,History
108918,History
109017,History
100854,Literature
117477,History
117549,Literature
10098,Literature
109854,Literature
118125,Literature
109935,Literature
118143,Literature
110061,Literature
110295,Literature
110331,Social Studies
102168,Literature
110439,Literature
118836,Literature
102492,History
118881,History
119025,History
102699,Literature
119142,Social Studies
119304,History
103041,Literature
103050,History
111267,Literature
103635,Social Studies
112023,Literature
103923,History
112140,History
120609,Literature
104238,History
104544,History
112869,History
121131,History
9765,Literature
113112,History
113175,History
105012,History
105147,History
105228,Social Studies
113661,History
121905,History
122211,Literature
106227,History
114480,History
103743,Fine Arts
122814,History
114660,Social Studies
7353,History
7362,History
7371,Literature
7380,History
7389,History
7398,Literature
7407,History
7416,Literature
7425,Social Studies
7434,Literature
7443,History
7452,Literature
7461,History
7470,Literature
7479,History
7488,Literature
7497,Literature
7506,History
7515,Literature
7524,Literature
7533,Literature
7542,History
7551,History
7560,Literature
7569,History
7578,Literature
7587,Social Studies
7596,History
7605,History
7614,Literature
7623,Literature
7632,Literature
7641,Social Studies
7650,History
7659,History
7668,Social Studies
7677,History
7686,History
7695,History
7704,History
7713,History
7722,Literature
7731,Fine Arts
7740,History
7749,Literature
7758,Literature
7767,History
7776,Social Studies
7785,Literature
7794,History
7803,Literature
7812,History
7821,History
7830,History
7839,Literature
7848,Social Studies
7857,Literature
7866,Literature
7875,History
7884,Literature
7893,Literature
7902,Literature
7911,History
7920,Literature
7938,History
7947,Literature
7929,Literature
189243,Literature
189378,Literature
190215,Literature
190629,Literature
190647,Literature
190944,Literature
190962,History
190998,Literature
191025,Literature
191070,Literature
191151,History
191178,Literature
191214,History
191223,Literature
191241,Literature
191502,Literature
192096,Literature
192141,Literature
192510,Literature
192546,History
192951,Literature
192969,History
193536,History
193599,History
193662,Literature
193680,History
193797,History
193851,History
193905,History
193950,History
193986,History
194031,History
194094,History
194157,History
194175,History
194220,History
194274,History
194427,History
194526,History
194553,Literature
194769,History
194841,Literature
194877,Social Studies
194958,History
194985,History
195021,Fine Arts
195120,Literature
195156,Literature
195174,History
195210,History
195273,Literature
195300,History
195372,Literature
195417,History
195525,Literature
195561,History
195570,Literature
195696,History
195705,History
195732,Literature
195831,Literature
195849,Social Studies
195885,Literature
196119,History
196128,Literature
196137,Biology
196272,Literature
196326,History
196344,History
196479,Literature
196749,History
196866,Literature
196974,History
197127,Literature
197136,History
197190,History
197442,History
197451,Literature
197613,History
197658,Literature
197730,History
197775,Literature
197910,Literature
197937,History
198072,Literature
198090,History
198135,History
198171,Biology
198189,History
198351,History
198432,History
198567,History
100008,History
100017,History
100026,History
100035,Social Studies
100044,Literature
100053,Literature
100062,History
100071,History
100080,Literature
100089,History
100098,History
100107,Social Studies
100116,History
100125,History
100134,Literature
100143,Literature
100152,Fine Arts
100161,History
100170,History
100179,Literature
100188,History
100197,History
100206,History
100215,History
100224,Literature
100233,History
100242,History
100251,Literature
100260,History
100269,Literature
100278,History
100287,History
100296,History
100305,Literature
100314,History
100323,History
100332,Social Studies
100341,History
100350,Literature
100359,Literature
100368,History
100377,History
100386,History
100395,History
100404,Literature
100413,History
100422,History
100431,History
100440,Literature
100449,Literature
100458,History
100467,History
100476,Literature
100485,Literature
100494,History
100503,History
100512,History
100521,History
100530,History
100539,Literature
100548,Literature
100557,History
100566,History
100575,History
100584,Literature
100593,History
100602,Literature
100611,Literature
100620,Literature
100629,History
100638,Literature
100647,History
100656,History
100665,Literature
100674,Literature
101025,History
101394,Literature
101691,Other
101700,Other
101709,Other
101718,Other
101727,Other
101736,Other
101745,Other
101754,Other
101763,Other
101772,Other
101781,Other
101790,Other
101799,Other
101808,Other
101817,Other
101826,Other
101835,Other
101844,Other
101970,Social Studies
102024,Literature
102267,Literature
102294,History
102357,History
102393,Literature
102402,Literature
102789,Literature
102870,Literature
102924,Literature
103500,Social Studies
103509,Social Studies
103572,Social Studies
103851,Literature
103869,Social Studies
103932,History
103950,Literature
104193,Literature
104742,History
104976,Literature
105120,Literature
105282,History
105408,History
105516,Literature
105525,History
105534,Literature
106020,History
106155,Social Studies
106218,History
106317,Literature
106344,History
106443,History
106524,History
106776,Literature
107289,Literature
107712,Literature
108036,Literature
108153,History
108675,History
108756,History
109602,History
109908,Literature
110304,History
110691,Literature
110772,History
111033,History
111276,Literature
111870,History
112095,Literature
112149,History
112185,History
112194,Literature
112203,Other
112212,History
112221,History
112230,History
112239,History
112248,Literature
112257,History
112266,Literature
112275,Other
112284,Literature
112293,History
112302,Other
112311,Literature
112320,Literature
112329,Literature
112338,History
112347,History
112356,Literature
112365,History
112374,History
112437,Literature
113040,History
113058,History
113067,Social Studies
113130,Literature
113499,History
113508,History
113535,Literature
113553,Literature
113589,Literature
113652,Literature
114075,Literature
114786,Literature
114930,History
115218,Literature
115452,History
115641,Social Studies
115767,Literature
116091,History
116100,Literature
116217,Literature
116442,History
116541,Literature
116595,Literature
117063,History
117585,History
117621,History
118386,History
118440,Literature
118458,Literature
118935,History
118962,History
119187,History
120330,Literature
120735,History
121581,History
121599,History
121734,History
122004,History
122517,History
122688,Literature
122751,Literature
122994,Fine Arts
123003,Literature
123570,History
123768,History
123813,History
106515,History
106551,History
114750,Literature
114804,History
106668,Literature
123057,History
106677,Literature
114948,History
122850,Literature
118872,History
123453,Literature
123543,Literature
123642,Literature
107352,History
115659,Literature
107559,History
107694,Literature
115992,Literature
107811,History
116028,History
116037,History
107901,History
107937,History
107955,Literature
108009,Literature
116208,History
108063,History
121779,History
109494,Social Studies
116307,Literature
108162,Literature
116424,History
10107,Literature
10116,History
10125,History
10134,Literature
10143,Literature
10152,Literature
10161,History
10170,Literature
108477,Literature
10179,History
10188,Literature
10197,Literature
10206,Biology
10215,History
10224,History
10233,History
108540,History
10242,History
10251,History
10260,History
10269,History
10278,History
10287,Social Studies
10296,Literature
10305,Literature
10314,History
10323,History
10332,History
10341,Social Studies
10350,History
10359,Literature
10368,History
10377,Literature
10386,Literature
10395,History
10404,Fine Arts
10413,Literature
10422,Literature
10431,Literature
10440,History
10449,Social Studies
10458,History
10467,History
10476,History
10485,History
10494,Literature
10503,Literature
10512,History
10521,Literature
10530,Literature
10539,Literature
10548,History
10557,Literature
10566,Literature
10575,Literature
10584,Literature
10593,Literature
10602,Literature
10611,Social Studies
10620,Literature
10629,History
10638,Literature
10647,Literature
10656,Literature
10665,History
10674,History
10683,Social Studies
10692,History
10701,Literature
10710,Literature
10719,Literature
10728,Literature
109125,Literature
120591,Literature
117378,Literature
109224,Literature
109242,Literature
109350,History
101160,History
117567,History
117576,History
109395,Literature
109431,Literature
117711,Literature
101412,Literature
116604,History
118026,History
116622,Social Studies
118116,History
118161,Literature
101862,Literature
101871,Literature
118269,Literature
118278,Literature
110142,History
110178,Literature
105750,Physics
122148,History
118503,Literature
110403,Literature
118602,Social Studies
102222,History
110421,Literature
118755,History
118764,History
102501,History
118980,Literature
110817,Literature
119097,Literature
110997,History
111042,Literature
119259,Literature
119295,Literature
102915,History
102933,History
111195,History
111240,Literature
103131,Literature
119583,Literature
111420,Literature
119709,Literature
119745,History
119862,Literature
119871,History
103608,Social Studies
108747,Literature
111888,Social Studies
121068,History
103887,Literature
120366,History
104139,Literature
121122,Social Studies
120618,Literature
112473,History
104319,History
120717,Literature
112554,Literature
104409,History
104436,History
112671,Literature
112743,Literature
104661,History
121059,Literature
104688,History
104760,Literature
121158,Social Studies
102114,History
104805,Literature
104886,Literature
113148,History
105111,History
105165,History
121698,Literature
105345,History
100845,History
105372,History
121878,History
121923,Literature
105543,History
121932,History
113742,History
113823,History
105723,Literature
122112,History
113985,Literature
105849,History
121914,History
122787,History
105984,Social Studies
122481,History
106164,History
122841,History
106380,Social Studies
114615,Literature
196632,History
196677,History
196695,History
197991,History
196848,Literature
196920,History
196938,Literature
196956,History
196965,Literature
197001,Literature
197019,Literature
197064,History
197145,Literature
197172,History
197280,Social Studies
197334,Literature
189171,Literature
197397,Literature
197460,Biology
189270,Literature
189288,Physics
189324,History
189369,Literature
197577,Biology
197586,Literature
189414,History
189432,History
189459,Literature
189468,Social Studies
189486,History
189504,Literature
197766,Literature
189576,History
189585,Literature
197793,Social Studies
189612,Literature
197838,Literature
197874,History
197883,History
197892,Literature
189747,Literature
197964,Literature
197973,Literature
189810,History
198054,Literature
198081,History
198117,Literature
189927,Literature
189990,Literature
198225,Physics
190035,Literature
198243,Literature
190080,History
198279,Literature
190161,History
198360,Literature
190197,Literature
190206,History
198405,Literature
190233,History
190269,History
190332,Literature
190359,Literature
198558,Literature
190377,History
198576,Social Studies
190395,History
190413,History
198630,History
198639,History
190449,Literature
190557,Biology
190620,History
190665,Literature
190764,History
190782,History
190791,History
190800,Literature
190836,Literature
190917,Literature
190926,Literature
190980,History
191016,Physics
191034,Literature
191052,Literature
191061,History
191088,Literature
191106,Literature
191232,Literature
191250,Biology
191259,History
191322,History
191331,Social Studies
191349,Literature
191394,Literature
191529,Literature
191592,History
191601,History
191700,Biology
191718,History
191790,Literature
191799,Literature
191925,History
191943,Biology
191952,Literature
191979,Literature
191988,History
192042,Literature
192087,History
192195,Literature
192258,History
192303,Literature
192321,Literature
192357,History
192402,History
192528,History
192645,Literature
192672,Literature
198684,History
192699,History
192744,History
192753,History
192834,Literature
192897,Literature
192933,Literature
192960,Literature
193392,History
193482,Literature
193563,Literature
193581,History
193626,Literature
193698,History
193716,Literature
193734,Social Studies
193815,History
193878,Literature
193896,History
193923,Literature
193932,Literature
193968,Physics
194022,Literature
194085,Literature
194256,Literature
194265,History
194319,Literature
194346,Literature
194463,History
194472,History
194598,History
194796,History
194832,History
194940,History
194976,Literature
195003,Physics
195084,History
195165,Literature
195192,History
195228,Literature
195255,Fine Arts
195345,Literature
195381,Literature
195489,Literature
195507,Literature
195534,Literature
195633,Literature
195678,History
195687,Biology
195714,Literature
195768,Literature
195786,History
195804,Literature
196155,History
197901,Literature
196254,Literature
196281,Literature
196335,History
196461,Literature
196641,History
196668,History
196767,Literature
196785,History
196812,Social Studies
196893,History
196902,History
196911,Literature
198027,Literature
197037,Social Studies
197082,Literature
197118,History
197208,History
197262,History
197298,History
197307,History
197316,History
197352,History
197370,History
189180,Literature
189207,History
189234,History
189315,History
189387,Literature
189396,Literature
197685,Literature
189513,History
197757,Literature
197784,Literature
197829,History
189639,Literature
189657,Literature
197856,Literature
189675,History
189684,History
189702,Biology
189738,Literature
197982,Social Studies
189828,Literature
198162,History
198180,History
189999,Literature
190017,History
190026,Social Studies
190062,History
190089,History
198288,Literature
190143,History
190152,Literature
190296,History
190314,History
198513,Literature
190341,History
198549,Social Studies
190404,Literature
198306,History
190422,History
198648,Literature
198657,Literature
198666,History
190485,Literature
198324,Literature
190611,History
198387,History
190683,History
190746,Literature
190755,History
197847,Social Studies
190827,Literature
190899,History
191043,History
191115,Literature
191124,Literature
191169,History
191295,Literature
191313,Literature
191412,History
191511,Fine Arts
191520,Literature
191574,Literature
191583,History
191610,Literature
191637,Literature
191754,Literature
191772,History
191808,History
191826,Social Studies
191871,History
191880,Literature
191889,History
191961,History
191970,History
191997,Literature
192069,History
192105,Literature
192159,History
192177,History
192231,Literature
192249,History
192267,Literature
192285,Fine Arts
192339,Literature
192375,Literature
192384,History
192474,History
192573,History
192591,History
192618,History
192654,History
192663,History
192708,History
192726,Literature
192762,Literature
198702,History
192879,History
192942,History
193446,History
193491,Literature
193500,History
193509,Literature
193608,History
193635,History
193689,History
193707,Literature
193743,Literature
193752,Literature
193788,History
193806,Biology
193869,History
193887,History
193941,History
193995,Literature
194067,Social Studies
194193,Literature
194238,Social Studies
194364,Literature
194445,History
194454,History
194499,History
194580,History
194616,Literature
194634,History
194679,Literature
194688,Literature
194706,History
194733,History
194742,History
194751,History
194886,Literature
194922,History
195147,Literature
195183,Literature
195246,History
195399,Literature
195435,History
195453,History
195471,Literature
195516,Literature
195579,History
195606,Literature
195615,History
195660,Literature
195723,History
195750,Social Studies
195795,Literature
195867,Literature
195876,History
196110,Social Studies
196146,History
196191,Literature
196236,History
197919,Literature
196299,Literature
196434,Literature
196497,Literature
196515,Literature
196524,History
196551,History
196569,Literature
10962,Social Studies
13104,History
109296,Literature
11007,Social Studies
11025,History
11169,Literature
109476,History
109485,History
11241,Literature
11250,Literature
11259,History
11268,Literature
11313,Literature
100701,History
100800,Literature
100881,Literature
100899,History
100917,Literature
100944,Literature
100962,Literature
100971,History
101016,Social Studies
101043,Literature
101070,History
101115,Literature
101178,Social Studies
101214,Social Studies
101259,Literature
101268,History
101277,Literature
104265,History
101304,History
101367,History
101403,Literature
101421,Literature
109818,Social Studies
101880,Literature
101889,Literature
101925,Literature
102060,Literature
102123,Social Studies
102132,Literature
102186,Literature
102204,Literature
109881,Literature
109890,History
102303,History
102384,History
102447,History
102519,History
102537,Literature
102546,History
102645,History
102681,Literature
11655,History
102708,Literature
102726,History
102753,Literature
102771,Literature
102780,History
102816,History
102834,History
102843,History
102906,History
110358,Literature
102978,History
110016,History
103059,Literature
103068,Literature
103122,History
103149,Literature
103158,History
103176,History
103185,History
103212,History
103320,Literature
103401,History
110079,History
103428,Social Studies
103482,Social Studies
110106,History
103626,Social Studies
103644,Social Studies
103662,Social Studies
103680,History
103716,Literature
110133,Literature
103761,Literature
103815,Literature
110151,Literature
110169,History
103977,Literature
103995,Literature
104049,Literature
104157,Literature
11916,History
104382,History
104445,History
104454,Social Studies
104481,History
104553,History
104571,History
104625,History
104679,Literature
104724,History
104769,Social Studies
104796,History
104823,History
104832,History
104877,History
104904,History
104913,History
104940,Literature
104949,History
104985,History
105003,Social Studies
111519,Literature
105039,History
105057,Literature
106065,History
105084,History
105093,History
105138,History
105174,Social Studies
105354,History
105363,History
105399,History
110412,History
105426,Social Studies
105453,Literature
105552,Literature
111537,Social Studies
105570,History
105597,History
105606,Social Studies
105624,History
110448,Literature
105714,History
105759,Literature
105777,Literature
105795,Literature
12177,Literature
105858,Literature
105921,Social Studies
105948,History
106002,Literature
110511,History
106047,History
110520,History
106074,Literature
106128,History
106146,Social Studies
106173,History
106290,History
106326,History
106335,History
106470,History
106488,History
106533,Literature
106569,Social Studies
106650,Social Studies
106695,History
106704,Literature
110628,Literature
106740,Literature
106749,History
106785,History
106848,History
12348,Literature
106884,Social Studies
106938,History
107262,Literature
107298,History
107316,Literature
107325,History
107343,Literature
107379,History
107388,History
107451,Literature
107613,History
107658,History
107667,History
107685,Literature
107703,History
107829,History
107928,History
12528,History
107946,History
12537,History
12600,Literature
108441,Literature
108468,History
108495,Biology
108522,Social Studies
108594,Literature
108621,History
108630,History
108639,History
108648,History
108666,History
108711,History
108738,History
108819,History
108864,Literature
108900,Literature
108936,Literature
108963,History
10737,History
10746,History
10755,History
10764,History
10773,History
10782,Literature
10791,History
10800,History
10809,Literature
10818,History
10827,History
10845,Literature
10854,History
10863,History
10872,History
10881,History
10890,History
10899,History
10908,Literature
10917,History
10926,Literature
109233,History
10935,History
10944,History
10953,Literature
10971,History
10980,Literature
109287,History
10989,History
10998,History
109305,Literature
11016,History
11034,History
109341,History
11043,History
11052,History
11061,Literature
11070,History
11079,History
11088,History
11097,History
11106,History
11115,History
11124,History
11133,Social Studies
11142,Literature
11151,Social Studies
11160,History
11178,Literature
11187,Literature
11196,Social Studies
11205,Literature
11214,Social Studies
109521,Literature
11223,History
11232,Social Studies
11277,Literature
11286,Literature
11295,History
11304,History
11322,History
11331,Literature
109638,History
11340,Literature
11349,Literature
11358,History
11367,Literature
11376,History
11385,Literature
11394,History
11403,Literature
11412,Literature
11421,History
11430,Literature
11439,Social Studies
11448,Literature
11457,Literature
11466,Literature
11475,Literature
11484,History
11493,Literature
11502,Literature
11511,Literature
11520,Literature
11529,History
11538,Literature
11547,History
11556,History
11565,History
11574,Literature
11583,History
11592,History
11601,History
11610,History
11619,History
11628,Literature
11637,History
11646,Literature
11664,History
109971,History
11673,Literature
109980,History
11682,History
11691,Physics
109998,History
11700,History
110007,Literature
11709,History
11718,History
11727,History
11745,Literature
11754,Literature
11763,Literature
11772,Literature
11781,History
11790,Literature
11799,History
11808,History
11817,Literature
11826,Literature
11835,Social Studies
11844,History
11853,Literature
11862,History
11871,History
11880,History
11889,History
11898,History
11907,History
11925,History
11934,History
11943,Literature
11952,Literature
11961,History
11970,History
11979,Literature
11988,History
11997,Literature
12006,Literature
12015,History
12024,History
12033,Literature
12042,Literature
12051,Literature
12060,Literature
12069,History
12078,Fine Arts
12087,History
12096,Literature
12105,Literature
12114,History
12123,History
12132,History
12141,History
12150,History
12159,History
12168,Literature
12186,Literature
12195,History
12204,Literature
12213,History
12222,Literature
110529,History
12231,History
12240,History
12249,Literature
12258,History
12267,History
12276,Literature
12285,History
110592,History
12294,Social Studies
12303,History
12312,Social Studies
12321,History
12330,History
12339,History
12357,History
12366,History
110673,History
12375,Literature
12384,Literature
12393,History
12402,Literature
12411,Literature
12420,History
12429,History
12438,History
110745,Literature
12447,Literature
110754,History
12456,History
12465,Social Studies
12474,History
12483,Literature
12492,History
12501,History
12510,Social Studies
12519,Literature
110826,History
110844,Literature
12546,Literature
12555,Literature
12564,Literature
12573,History
12582,History
12591,History
12609,History
110916,Literature
12618,Literature
12627,Literature
12636,History
12645,History
12654,History
12663,History
110970,History
12672,History
12681,History
12690,Literature
12699,Literature
111006,History
12708,Literature
111015,History
12717,Literature
111024,History
12726,History
12735,Social Studies
12744,History
12753,Literature
12762,Social Studies
12771,History
12780,Literature
12789,Literature
12798,Literature
12807,History
12816,History
12825,Literature
12834,History
12843,Literature
12852,Literature
12861,Literature
12870,History
12879,Social Studies
12888,History
12897,Literature
12906,History
12915,Literature
111222,History
12924,History
12933,History
12942,History
12951,History
12969,Literature
12978,Literature
12987,Social Studies
12996,Literature
13005,History
13014,History
13023,Social Studies
13032,Literature
13041,Social Studies
13050,History
111357,Literature
13059,History
13068,Literature
13077,History
13086,Literature
13095,Literature
13113,History
13122,History
13131,History
13140,Literature
13149,History
13158,History
13167,Literature
111474,History
13176,Literature
13194,History
13203,History
13212,History
13221,Literature
13230,Literature
13239,Literature
13248,Social Studies
111573,Literature
111582,Fine Arts
13284,Social Studies
111591,Literature
111600,Literature
111618,Literature
111627,Literature
111636,History
111654,History
111663,Literature
111708,Literature
111465,Biology
111483,History
13185,History
111492,Literature
111924,History
111501,Literature
111960,History
111969,Literature
111987,Literature
111510,Literature
112014,History
112032,History
112041,History
112104,Social Studies
111528,Literature
112158,History
112167,History
112176,History
111546,Literature
111555,History
13257,Literature
111564,Literature
13266,Literature
112410,History
13275,Literature
106119,History
112482,History
112500,History
112518,History
13293,History
112536,Fine Arts
112545,Literature
112563,History
13302,Social Studies
111609,Literature
112617,Literature
112644,History
112680,Literature
112689,Literature
112725,Literature
112797,Literature
111645,Literature
112887,History
112959,Social Studies
112968,Literature
112995,History
113076,Social Studies
113103,Literature
106245,History
113193,History
113544,History
113562,History
113598,Literature
113688,History
113778,History
106353,History
113841,History
113850,History
113859,Social Studies
113940,History
113958,Literature
113994,History
114003,Literature
114039,Social Studies
114057,History
114066,History
114111,Literature
114120,History
111879,Biology
114408,Literature
114426,History
111915,Literature
114489,History
114534,Literature
114543,Literature
114561,Literature
114570,Literature
117405,Literature
114714,History
114768,Social Studies
114975,History
114984,History
115011,Literature
115020,History
115029,Literature
115038,History
115047,History
115056,History
115065,History
115074,History
115083,Literature
115092,History
115101,Literature
115110,History
115119,Literature
115128,Literature
115137,History
115146,History
115245,History
115254,History
115281,Literature
112059,Literature
115326,History
115407,Literature
115425,Literature
115434,Social Studies
115668,Literature
115731,History
115740,History
115776,History
116055,Literature
116073,History
116181,History
116244,Literature
116280,History
116298,Literature
116361,History
116433,Social Studies
116505,History
116559,Literature
116586,Literature
116631,Literature
116640,Literature
117171,Literature
117180,Literature
117198,Literature
117297,Literature
117315,History
117342,Literature
117351,Literature
117360,Literature
117414,History
117441,History
117513,History
117648,History
117693,History
117729,History
117738,History
117747,Literature
117756,History
117765,Literature
117774,Literature
117783,History
117792,Literature
117801,History
117810,Social Studies
117819,History
117828,Literature
117837,History
117846,Literature
117855,Literature
117864,History
117873,History
117882,Literature
117891,Literature
117900,History
117909,Literature
117918,Literature
117927,History
117936,History
117945,History
117954,Literature
117963,History
117999,History
118017,History
118044,Literature
118071,Literature
118080,History
118179,History
118188,Literature
118224,Literature
118233,Literature
118323,History
118350,Literature
118359,History
118368,Social Studies
118377,History
118413,Literature
118422,Literature
118494,Social Studies
118521,Literature
118575,History
118584,History
118674,History
118719,History
118773,History
118800,History
118908,History
118917,History
119016,History
119070,Literature
119151,History
119169,Literature
119214,History
119250,History
119286,Social Studies
119331,History
119340,Literature
119394,History
119421,Social Studies
119484,History
119682,History
119691,Literature
119754,Literature
119817,Social Studies
112815,Literature
119844,Literature
120303,History
120321,Literature
120348,Literature
101979,Literature
120375,Literature
120465,History
120483,Literature
120528,Literature
120555,History
102033,History
120699,History
120708,History
120744,Literature
120753,Social Studies
120924,Social Studies
120933,History
120942,Literature
120951,Literature
120960,Literature
120969,History
120978,Literature
120987,History
120996,Literature
121005,History
121014,History
121023,Fine Arts
121032,Literature
121041,Literature
121086,History
121104,Literature
121113,Literature
121239,Literature
121356,Social Studies
121608,Literature
121644,Social Studies
121716,Literature
121725,Social Studies
121743,Social Studies
121752,Literature
121815,History
121950,Literature
121986,History
122031,History
122058,Literature
122139,History
122166,Literature
102285,Literature
122220,History
109917,History
122499,History
122508,Literature
122553,Literature
122607,Literature
122760,History
122823,History
123012,History
123030,Literature
123048,Social Studies
11736,History
123156,Social Studies
123183,History
123192,Literature
123210,History
123273,Social Studies
123282,Literature
123309,History
123390,Social Studies
123399,History
123417,Literature
123444,History
123480,History
123561,History
123579,History
123597,History
123633,Literature
123651,History
123660,History
123669,Literature
123723,Literature
123777,History
123840,History
123894,Literature
123903,Literature
111114,History
110034,History
108513,Literature
12960,Literature
111204,Literature
111231,History
111258,Literature
103581,Social Studies
103617,Social Studies
109098,Literature
10836,Literature
109152,Literature
109215,History
